title,artist,id,danceability,energy,key,loudness,mode,speechiness,acousticness,instrumentalness,liveness,valence,tempo
"Dirty AF1s","Alexander 23","6J1jIKelO3HerpKnTEVVMe",0.687,0.668,8,-5.99,1,0.385,0.756,0,0.113,0.352,87.175,137000,4
"Jupiter (with Mereba & JID feat. EARTHGANG, Jurdan Bryant, Hollywood JB & Benji.)","Spillage Village","0je2CwkO13cSNRJzastZKB",0.653,0.632,2,-5.624,1,0.0337,0.0505,0.00000188,0.118,0.456,94.999,146715,4
"Trace","Micah Marcos","1CXeNAaiWBBOkpstvC8WJp",0.795,0.462,1,-11.212,0,0.0658,0.795,0.00000567,0.11,0.626,134.998,171928,4
"Pretty Woman","Lo Noom","4TUqSoppadkq212rcUFqYA",0.562,0.474,4,-6.194,1,0.0306,0.265,0.0000771,0.384,0.287,77.015,268052,4
"Rainy Girl","Andrew McMahon in the Wilderness","42tEPGKhxm0te2QJ8B5lOT",0.406,0.316,8,-9.054,1,0.0306,0.766,0,0.098,0.443,84.681,179393,4
"Deep Brown Eyes","Bedside Kites","6KFnGaAU3f7J1bgzZdFEI1",0.665,0.424,1,-9.438,1,0.0299,0.2,0.000653,0.0934,0.419,126.017,257143,4
"Goodbye Too Soon","The Irons","5XDSdgm8GsWCX8hZ6vLhSU",0.668,0.541,7,-10.553,1,0.0383,0.526,0.00268,0.308,0.604,154.992,278083,4
"Burn Me","moonweather","4Ox2YW750XE3viwBtWygeS",0.503,0.359,9,-12.706,1,0.0313,0.83,0.503,0.119,0.156,121.872,288100,4
"Bigfoot","Mt. Joy","4EErA2pXdbuV4S472yk2um",0.722,0.632,9,-8.171,1,0.0292,0.178,0.000266,0.119,0.528,116.074,203387,4
"There Is a Place in This Old Town","Nick Schillace","3s6SkrBG4hBEZ0t1XpyXz7",0.255,0.376,7,-11.16,0,0.0417,0.611,0.926,0.113,0.389,114.85,288627,4
"Raspberry","Grouplove","1F5A4LpF8ylUVtPoMAvNvn",0.492,0.779,3,-5.022,1,0.0498,0.0292,0,0.129,0.445,104.966,196027,4
"Love Me Like You Used To","Lord Huron","0JfpIwZfcRwDzD6GRYzfKN",0.507,0.715,7,-5.93,0,0.0267,0.576,0.00416,0.155,0.793,76.01,220738,4
"Love & War in Your Twenties","Jordy Searcy","3FFpGDzfkwJGjfIqM6BNMC",0.736,0.525,2,-9.694,1,0.0296,0.22,0.00153,0.127,0.529,102.986,250547,4
"Already Loved","Wilderado","2H5FTl3unNmULo5hZELh27",0.509,0.578,9,-7.506,1,0.0445,0.00545,0.00179,0.119,0.433,149.792,206520,4
"Still Beating","Mac DeMarco","4LpUpiYoZ2M3Z1kmhn4EQo",0.709,0.496,1,-10.528,0,0.0417,0.581,0.191,0.151,0.469,78.477,181587,4
"Yellow Eyes","Rayland Baxter","3HOXNIj8NjlgjQiBd3YVIi",0.496,0.679,10,-7.898,1,0.0368,0.0948,0,0.103,0.507,154.028,230787,4
"Light My Love","Greta Van Fleet","4iya38ctQ1httyA6NOG9oW",0.374,0.778,5,-4.466,1,0.0363,0.1,0.199,0.107,0.484,133.85,270887,3
"All Shades of Blue","Gregory Alan Isakov","1xhgkhzFBEg7n1SrUgmSmU",0.478,0.299,2,-10.908,1,0.032,0.882,0.000687,0.11,0.287,161.388,213573,3
"It's Called: Freefall","Rainbow Kitten Surprise","474uVhyGgK5MtY9gMcDgGl",0.744,0.516,2,-6.365,1,0.0513,0.632,0,0.605,0.281,97.944,152293,4
"Beige","Yoke Lore","7uYQELhe7g6QLIzZDOlhbW",0.434,0.677,10,-7.535,1,0.119,0.384,0.0684,0.119,0.218,167.923,204209,4
"Shaky in the Knees","Grizfolk","3cXQrWACMWmJTQaQUoqLMj",0.591,0.601,7,-7.222,1,0.0269,0.19,0.0026,0.0958,0.515,117.073,209480,3
"Sedona","Houndmouth","2MQhTbX792AT6YyzwLz9dt",0.394,0.654,3,-8.243,1,0.0346,0.0404,0.0000696,0.112,0.264,135.188,239881,4
"The Universe","Gregory Alan Isakov","5SOV1dyQQJx98X4yY17bCI",0.426,0.243,1,-13.477,1,0.036,0.815,0.112,0.134,0.215,125.653,256600,4
"Freakin' Out On the Interstate","Briston Maroney","0awZwmlC6pxH65KTZpadmX",0.45,0.794,4,-5.015,1,0.0538,0.388,0,0.303,0.362,143.861,251906,4
"Dreams","Wendy Lane","1W5yqqeMcqRLrX9uW5URCD",0.522,0.371,0,-10.27,1,0.0379,0.778,0.000916,0.0869,0.281,159.959,193500,4
"San Luis","Gregory Alan Isakov","7gDNQLV9cr8449LFrQbk5J",0.567,0.434,7,-12.755,0,0.0349,0.86,0.257,0.115,0.254,82.459,272347,4
"Slow Dance Slow","The Weather Machine","025ygk5vTSrwobZNk6OM5W",0.325,0.449,9,-5.88,1,0.0337,0.203,0.000113,0.131,0.232,119.818,288384,3
"No Distance","Morning Teleportation","1uTbDazz2UxUDVNUYcuzke",0.717,0.875,4,-6.483,1,0.038,0.181,0.000428,0.311,0.974,121.063,138743,4
"Sheep","Mt. Joy","7412fpVfB2PSSb1nENQczC",0.498,0.502,2,-8.052,1,0.0371,0.891,0.000907,0.0716,0.286,81.169,215180,4
"Briggs","Mike Mains & The Branches","4PoZ2aNmIz1EEE9W0l0rk0",0.617,0.517,10,-8.11,1,0.0568,0.12,0,0.13,0.383,95.508,194737,4
"Grow","Samm Henshaw","3jPd7hIM0feCje8ZbVu6en",0.672,0.672,9,-7.693,1,0.0847,0.103,0.000489,0.0823,0.807,85.012,180523,4
"So Long, Honey","Caamp","11HXGSToW21uxNRl8kKBbu",0.57,0.256,4,-12.865,1,0.0467,0.845,0.0759,0.156,0.0829,131.17,291761,4
"Honey","Ill Spector","7d6RUGaRvuDeanz7lg45xM",0.529,0.601,9,-7.23,0,0.025,0.328,0.0019,0.0925,0.371,107.088,178178,4
"Strawberries","Caamp","0ESvfrHfNuAtkZp8SMJBOY",0.547,0.0897,3,-18.732,1,0.0457,0.963,0.00578,0.111,0.263,117.17,219344,5
"How to Be Yours","Chris Renzema","4ogTWU6Xpem7y3PQOEzvEm",0.499,0.338,6,-8.42,1,0.0331,0.619,0,0.124,0.0957,131.851,288593,3
"This Old Car","lighthearted","2VdpJoaNdE2XvGEwgcfag0",0.539,0.373,2,-11.417,1,0.0282,0.604,0.0131,0.111,0.245,103.839,255915,1
"Walk Backwards","Maude Latour","4DhyT4rKKJh8tGVVrjY77m",0.625,0.478,7,-9.764,1,0.0961,0.376,0.00000125,0.114,0.603,90.159,153081,4
"TwentyTwo","Thea","1Nr97Z8ZmpZEkpKX6bEanN",0.643,0.466,5,-9.294,1,0.0384,0.387,0.0191,0.105,0.314,134.943,187226,3
"Kids","Current Joys","3pyyGVqWvRMq43qtJBzxe0",0.828,0.66,6,-9.669,1,0.0337,0.508,0.403,0.0755,0.904,113.45,269143,4
"Madeline","John Vincent III","6X72NVr6JlsccvHGpeXEWD",0.385,0.195,4,-16.372,1,0.0329,0.848,0.289,0.0972,0.188,148.735,332044,4
"Yellow Squash","Jaymison","0MYd6Ko48fNuzxVISiVsZd",0.744,0.533,1,-10.207,1,0.0304,0.335,0.138,0.11,0.626,125.062,253822,4
"Buttons","meija","1pZ9xYDzyq9KHTVrqBUEsn",0.688,0.61,1,-7.332,1,0.0386,0.542,0.000163,0.0983,0.66,84.01,216399,4
"Pelican","John-Robert","2neWjq9A1LSt1Idz3lxIvD",0.684,0.711,6,-7.491,0,0.0273,0.0283,0.00207,0.219,0.67,136.883,157300,4
"Help Me Down","Wilderado","1MrgHn4BWUcxFolDAezsXJ",0.633,0.304,0,-11.947,1,0.031,0.846,0.00403,0.112,0.355,119.837,220406,4
"Take Some Time","Wilderado","7sgecWk9KRFYXk7lokoF4z",0.623,0.61,5,-9.092,1,0.0348,0.14,0.0504,0.11,0.857,80.01,210895,4
"Frost","Coast Modern","6MGEJivoOyQC3KDqNnxOEJ",0.477,0.276,5,-10.347,0,0.0329,0.965,0,0.336,0.402,94.32,165973,4
"Pigeon Lady","Wolfie's Just Fine","6QEUe2RGGNxE1qZjXAkDKZ",0.655,0.168,5,-9.566,1,0.0329,0.752,0.0000175,0.129,0.199,79.955,256747,3
"Frank Ocean","Call Me Karizma","1jKBiK0Yk6VCcBfJOgBUbs",0.565,0.388,7,-9.479,1,0.366,0.501,0.00000636,0.0847,0.555,83.831,221647,4
"Far Too Long","JERHELL","2LKSLVfg9e0bxdbr9QeeMP",0.362,0.249,7,-12.377,1,0.0432,0.929,0.0000506,0.128,0.113,79.952,406879,4
"Song About","Jeff Pianki","0DgXKXyqIGSBWI9vGKzHQn",0.762,0.43,11,-11.099,1,0.0566,0.837,0.0000397,0.107,0.528,127.956,219320,4
"Jimmy the Chameleon","Brookside","4TGY1Z7HIA0fnQYdaKEXlJ",0.608,0.263,0,-13.552,0,0.0392,0.798,0.0000434,0.0964,0.612,82.02,113428,4
"To Be So Lonely","Harry Styles","5JiH89mHrv9oWHlD0T326z",0.758,0.436,0,-7.269,1,0.0418,0.618,0.0000161,0.335,0.605,104.959,192080,4
"Along the Way","The Hunts","0Kjohk8qcUm43VcAkr5zrB",0.607,0.807,9,-5.796,1,0.036,0.168,0.0000568,0.106,0.586,136.634,272693,4
"Happy Life","Roland Faunte","333eJWCVb1L7uYVu65sZx3",0.684,0.339,7,-6.955,0,0.039,0.842,0,0.0652,0.357,108.872,269573,3
"Sophie","The Altogether","35z474FlwP73zQkK4KtsYv",0.645,0.345,10,-10.861,1,0.0276,0.769,0.0047,0.101,0.296,89.438,247420,4
"Jolene","Great Caesar","1mU23ou8PuCp46tDY1v7IE",0.593,0.457,2,-6.765,1,0.029,0.43,0.0000043,0.109,0.379,131.956,252240,4
"Magnolia","The Essentialists","78lFgN1JjH5bUfIbNgJ5O1",0.686,0.455,9,-8.335,1,0.0321,0.64,0.00197,0.0711,0.559,118.071,302034,4
"Presumably Dead Arm (617 Sessions)","Sidney Gish","7iFmqWr2KDvNJt9ZCm7V21",0.476,0.265,10,-9.462,1,0.0376,0.829,0,0.155,0.289,114.478,214100,4
"Rubble To Rubble","Wilderado","3o5K1YmFz9i9KluRGJusd1",0.559,0.454,9,-8.377,0,0.0377,0.376,0.00000488,0.258,0.284,134.941,204000,4
"Temporary","Your Neighbors","63elbs0ojWzKKutgg7xx5z",0.539,0.26,2,-8.432,1,0.0742,0.904,0,0.367,0.597,170.108,239647,4
"Raspberry Seeds","Petite League","4SwFE2JiaQvz3r477sItUW",0.605,0.428,9,-7.153,1,0.0351,0.855,0.0000115,0.112,0.332,84.253,187500,4
"Neighbor","Los Elk","2LPYZe3h5DcSoi8Pr67E4m",0.681,0.593,4,-8.668,1,0.0308,0.0591,0.0000074,0.114,0.617,139.867,257973,4
"Salt Lake City","Motherfolk","0N8Q3j9oBGUDNckTtQSrJX",0.638,0.374,7,-10.007,1,0.0256,0.556,0.0000175,0.107,0.0832,107.932,231975,4
"Side A","Alohaha","6roE1E2XFB06znL6Wvvv2q",0.343,0.409,11,-10.303,0,0.0395,0.096,0.0134,0.13,0.116,97.056,928229,4
"Clean Me Up","Thomas Headon","6zUw4QJytKkTBhwbRC6OiM",0.631,0.402,0,-10.054,1,0.124,0.519,0,0.0686,0.534,91.945,165000,4
"On Your Mind","Noah Floersch","4RPSs5aQymn0A5syaHE7VI",0.747,0.645,8,-8.379,1,0.0966,0.583,0.0000084,0.0935,0.68,124.946,159600,3
"2 / 14","The Band CAMINO","2QwpEi3eNToZCCMMRcOj0u",0.607,0.709,9,-7.428,1,0.0538,0.372,0,0.294,0.551,97.006,163690,4
"Colorado","The Brother Brothers","4dIhkME9H3hzb0wNhA3f1m",0.461,0.179,2,-15.205,1,0.0435,0.865,0.00319,0.112,0.223,119.083,177453,4
"Two Summers","One11Twenty","2wuoe2Y7PQysIA38omIYIE",0.767,0.503,5,-9.148,1,0.0428,0.0597,0.00619,0.0805,0.282,97.965,204001,4
"Pack a Day","Charlie Sztyk","7eBhzegzgFcQVx2o7ICk9x",0.788,0.366,8,-13.443,1,0.0374,0.858,0.628,0.253,0.362,98.027,211224,4
"Joyride","Cailin Russo","1nWLk91OyxUSJNYNNExTkK",0.436,0.409,0,-7.054,1,0.0255,0.116,0,0.586,0.107,84.115,216023,4
"You Taste Like Wine","The Collection","7agKHhiI7ubqzf6sgWkNjp",0.569,0.757,10,-6.629,1,0.0379,0.114,0.00442,0.102,0.508,167.958,226401,4
"Hidden Edelweiss","Spark Alaska","6xMFDLtFIiObaAuB42qHGW",0.758,0.347,9,-13.068,1,0.0875,0.859,0.00597,0.302,0.273,143.443,220943,4
"Caroline","Max Diaz","2sNyFhfDUqIt1rZsY02hyo",0.768,0.337,7,-15.455,1,0.192,0.931,0.00000101,0.13,0.755,101.442,178000,4
"Blueberry Island","Ben David","2zoBB3hdoi0XR9MERMFhIu",0.549,0.238,6,-10.859,1,0.0453,0.824,0.000306,0.196,0.173,132.225,268032,4
"Retro [ROUGH]","Childish Gambino","5CxFl4XSOMAClE8sL1zFv9",0.877,0.61,1,-6.722,1,0.0468,0.268,0.00282,0.114,0.338,109.963,155914,4
"Nico's Red Truck","Dijon","4zHC1zzSAV2xR7OlUqo2Oz",0.399,0.578,3,-3.298,0,0.0456,0.674,0,0.132,0.433,80.22,248854,4
"Ronson Princess","Clarence James","2Xk3MunfpZwHSJktWNhRbz",0.686,0.635,11,-7.695,1,0.0602,0.393,0,0.0982,0.335,95.041,294166,4
"EARLY TO THE PARTY","ASL","6Jle0PpzvYfWUO3YD27PNT",0.521,0.601,2,-5.335,1,0.0316,0.399,0,0.367,0.5,79.923,168830,4
"Shy","Hether","3TFNxpIwIzMi3jsMRy9GVZ",0.727,0.531,8,-8.219,1,0.0321,0.301,0.000343,0.152,0.94,105.617,201698,4
"SPF10","Requiem Inc.","0pjjN8tv0AogxHRPeVvc1V",0.713,0.648,3,-9.423,1,0.17,0.672,0,0.132,0.964,78.545,255060,4
"My Kind Of Woman","Mac DeMarco","4tXzPOr4UaBoA7k7pnpJI1",0.5,0.774,9,-7.062,1,0.0279,0.00331,0.62,0.185,0.453,91.769,190849,4
"Traveling Alone","Tom The Mail Man","00c6I4e1BL1vqbD97KIh50",0.691,0.595,8,-6.865,0,0.0377,0.0888,0.0000556,0.0886,0.415,121.004,160165,4
"Pasadena","Young Mister","5565AiKjInrEUBrsb9yf1I",0.556,0.686,7,-8.835,1,0.0314,0.182,0.945,0.321,0.395,117.985,226446,4
"Find You","Super City ","3iQR85ARBf5Z0SXXcUm3He",0.535,0.835,2,-6.899,1,0.0396,0.711,0.0158,0.198,0.0996,135.194,271464,4
"Big Black Car","Gregory Alan Isakov","3Kj2EWpIBnvETsYq4cq0IH",0.6,0.186,3,-15.926,1,0.0317,0.909,0.00102,0.104,0.468,110.044,217467,4
"Fruit Punch","Subtle Orange","4qKnLGV6HaHo3Ubv4GZ6ZX",0.697,0.391,9,-13.109,1,0.0494,0.162,0.0532,0.109,0.898,126.923,180500,4
"1980s Horror Film II","Wallows","3VzULnaqPKf1deQyZ5W4Ah",0.593,0.658,2,-4.957,1,0.0304,0.0038,0.0126,0.0804,0.27,116.021,235272,4
"When You Were Made","The Growlers","47WtMNT8S9n3eqsCn076Bf",0.557,0.769,11,-5.401,1,0.0285,0.412,0,0.173,0.395,116.088,218352,4
"The Dirt","Tor Miller","67nAEA8YEXhpRe3vpvVZoK",0.285,0.481,11,-8.388,1,0.0387,0.602,0.00000151,0.118,0.334,80.153,225867,4
"Cheesin’ (with Cautious Clay, Remi Wolf, Still Woozy, Sophie Meiers, Claud, Melanie Faye, & HXNS)","Cautious Clay","6lIRYe72fn1pf7TNqfI0ul",0.818,0.623,9,-5.901,0,0.043,0.201,0,0.112,0.968,120.104,138000,4
"Miss Summer","ODIE","58VNpcJpI5dEKxYByCkbXc",0.589,0.527,0,-9.962,1,0.0342,0.599,0.000111,0.0853,0.132,133.981,162377,4
"Indie Movie Night 1","Robin Skies","3ZdYouySVrlIVQ02xYppj3",0.946,0.284,9,-13.29,1,0.0758,0.0468,0,0.132,0.48,101.008,137822,4
"Hell N Back","Bakar","3NRql0A1Ef4RCvT473iqgD",0.584,0.684,10,-4.314,0,0.567,0.312,0.0000905,0.112,0.72,210.164,213573,4
"9/10","Jeff Rosenstock","6DkzLTT71IfNfUxGsDhJ2K",0.665,0.492,11,-7.657,1,0.0262,0.0771,0.00000144,0.0884,0.438,142.062,209717,4
"Caroline","Lowertown","7gFFwqPDBlJ3qw4WccSDA8",0.475,0.598,5,-11.894,1,0.0796,0.669,0.144,0.261,0.588,175.345,243345,4
"Love Is Lame","CamRony","5uTRISdXtLRQ8jdFhjeuNH",0.598,0.48,4,-6.92,1,0.54,0.59,0,0.153,0.689,142.563,194685,4
"Hate It or Love It","Cliff","6Oke7cZp3OqupCEe8AIfLz",0.574,0.791,6,-10.362,0,0.0527,0.38,0,0.257,0.411,91.961,212731,4
"Vanilla Curls","Teddy Hyde","3KaWB1Kdl93PWaXT8mDRpD",0.403,0.215,0,-16.689,1,0.0502,0.698,0.0134,0.136,0.226,97.873,290483,4
"These Drugs","Sugar Pine 7","6BAuys1bPzAqPUEzZ0OAA5",0.708,0.369,0,-13.966,0,0.128,0.327,0,0.0566,0.779,160.214,198000,4
"Figure 8","Peach Pit","5HTap7v6OqB7jPT5J2Z4um",0.508,0.624,8,-9.395,1,0.0403,0.000256,0.0000033,0.146,0.415,80.099,208653,4
"Chasin' Honey","Wild Party","0Z0iYAtKYswMYXL3kJtdO4",0.526,0.637,7,-5.052,1,0.0656,0.02,0.00000125,0.0978,0.765,176.1,189960,4
"October","Prentiss","6nzDvJ4MBIc6a5qUehGcCn",0.71,0.403,6,-14.092,1,0.0583,0.013,0,0.0985,0.431,140.989,122723,4
"Can't Take My Eyes Off You","Private Island","1uddOsj7TyRA13hnS2yDyk",0.614,0.609,5,-5.837,0,0.0411,0.165,0.00611,0.152,0.429,123.996,209000,4
"Moonsmoke","Caamp","0YIr0EWqHv5lK9nPH0E1Aq",0.654,0.303,9,-13.882,0,0.0358,0.786,0.881,0.0822,0.114,120.714,198347,4
"Booster Seat","Spacey Jane","5th1bFGGaXLM7wDBJpcF06",0.629,0.551,11,-5.402,1,0.0263,0.0418,0.00000118,0.108,0.699,111.961,268880,4
"Harvard","LAUNDRY DAY","6sqw8w1n1sopzGaNIwZL4N",0.504,0.691,7,-6.35,1,0.0397,0.276,0,0.169,0.564,79.912,206950,4
"A Life in Color","Ramsey the Fourth","70ppxZHlN9AC2kEALCJGD6",0.523,0.516,7,-9.906,1,0.0464,0.355,0.00000614,0.339,0.761,165.866,202244,4
"The Kiss Of Venus (Dominic Fike)","Paul McCartney","28kOGtTZzbfQ8fMmTwjRFq",0.715,0.374,8,-6.665,1,0.0399,0.627,0,0.11,0.633,89.982,143531,4
"Highdrive","Will Tulip","2UkF9fsPqXJNTbN1id5E0a",0.859,0.245,1,-12.84,0,0.0511,0.163,0.246,0.111,0.682,84,233586,4
"Meet Me At Our Spot","THE ANXIETY","07MDkzWARZaLEdKxo6yArG",0.773,0.47,2,-7.93,1,0.0299,0.0153,0.000193,0.0851,0.399,94.995,162680,4
"No One Does It Like You","Feed Me Jack","56WQnWgzMWrOMiEspzTNHU",0.508,0.402,4,-14.209,1,0.103,0.335,0.000762,0.172,0.626,100.659,152500,4
"Baby Blue","Tigers in the Sky","7c1mJwugEp6fUU1GH4Vywi",0.415,0.427,4,-9.871,1,0.0362,0.981,0.00726,0.772,0.379,116.607,127501,4
"Goodmorning","Bleachers","1K13OsIMc0HLgEJHZoWH78",0.629,0.448,2,-9.534,1,0.102,0.579,0,0.131,0.515,79.993,193413,4
"Ruby Fields","Sarah and the Sundays","1gztFMEaH1IZmoPnlcuq8o",0.542,0.505,1,-6.972,0,0.0268,0.474,0.0000469,0.215,0.332,144.876,187345,4
"A World So Full of Love","Shakey Graves","77OBKDqQD0tvocHP5AXDDV",0.744,0.391,0,-8.374,1,0.0266,0.769,0.000762,0.109,0.533,104.874,171958,4
"Was It Something I Said (feat. Cavetown)","MyKey","4pCKJ8NFjBHSk1wGn13cab",0.581,0.725,6,-5.555,1,0.0301,0.491,0.000753,0.136,0.8,106.996,231261,4
"Space Cadet","The Technicolors","6DwRQI2K03MTNULcasnhUh",0.571,0.655,11,-7.576,1,0.0307,0.127,0.0000142,0.165,0.633,85.986,288836,4
"Oh oh chéri","Françoise Hardy","0SDEi2w2vSb1pTtkgoApk2",0.794,0.41,1,-10.917,1,0.0395,0.692,0.0000267,0.0892,0.901,92.078,139533,4
"Was It Something I Said","MyKey","65j65yDSE06CNKAPjsHoJt",0.587,0.724,6,-6.775,1,0.0321,0.618,0.000166,0.157,0.837,106.994,220588,4
"Oh Klahoma","Jack Stauber","6SZwj6cjc8JQbkrr8cbIUn",0.697,0.401,7,-10.216,1,0.0543,0.43,0.0109,0.316,0.478,108.996,185224,4
"Go Down on You","The Memories","4DkeNKHcmZo2Z0Eb1XcaNC",0.591,0.488,1,-9.229,1,0.11,0.937,0.786,0.11,0.697,136.516,60693,4
"First Aid","Gus Dapperton","3y2Dktpll4t3zPlgpCnUCy",0.623,0.48,10,-4.39,0,0.0269,0.0148,0.00141,0.086,0.355,140.015,268509,4
"Painkillers","Rainbow Kitten Surprise","6fc51JZVE0Yijdi6RuoLFv",0.754,0.405,7,-11.547,1,0.0378,0.466,0.00179,0.1,0.0843,114.938,213973,4
"Color Scheme","The Jephries","6bhgbzl57q2ZkZIgWLioSN",0.516,0.522,9,-12.404,1,0.0378,0.0707,0.000157,0.107,0.296,146.945,295546,4
"Amoeba","Clairo","0HAqq2GcQKyi3s87GuN7jU",0.739,0.491,6,-11.515,1,0.027,0.791,0.0366,0.1,0.707,111.008,228922,4
"Joyride","Adam Melchor","0VcVy0kpfwyd5rMS5URyVD",0.52,0.505,9,-7.197,1,0.0276,0.201,0.00000108,0.144,0.441,131.909,212945,4
"New Slang (When You Notice The Stripes)","The Shins","3AxZ713oKWbwS2FHs66tuq",0.614,0.388,11,-12.069,1,0.0393,0.712,0.000145,0.0879,0.584,130.367,229907,4
"Plant-Sitting This Weekend","Grey Dugan","4nuCezx8hcsO5dXrz79rMy",0.622,0.537,5,-9.81,0,0.0321,0.334,0,0.0973,0.394,91.149,202000,4
"Chelsea's Hotel","Darwin Deez","1K4WprGj7fMXknMrquxtEg",0.633,0.523,0,-8.371,1,0.0417,0.497,0.00000224,0.377,0.608,76.037,284992,4
"In the Aeroplane Over the Sea","Neutral Milk Hotel","5rfT032kGmLvbxZzfHlu5D",0.271,0.714,7,-5.124,1,0.0329,0.392,0,0.115,0.239,94.158,202347,3
"Cherry Cola","Sam Entwistle","1CwuiiDY5R43SwfDly6Riw",0.616,0.132,2,-15.551,1,0.0355,0.824,0,0.123,0.274,97.205,161634,4
"Cosmic Freeway","Yeek","0fnmqKRyN4lTswvyOXz0ID",0.449,0.244,5,-12.068,0,0.197,0.593,0.0000608,0.0884,0.262,89.966,362667,4
"Hold In, Hold On","Kid Bloom","0WebpqjAhluHB2WREW9x4R",0.774,0.766,0,-3.829,1,0.0351,0.119,0,0.0993,0.75,124.019,159667,4
"Kleenex","Baby Boys","2udXBcL4hLucxNQh3ZYBQu",0.643,0.54,4,-6.154,1,0.059,0.645,0.258,0.117,0.551,94.011,235025,4
"Tigersharks","Sumbuck","2E1rruhDIZVzOlH4XCSLUk",0.416,0.485,1,-9.214,0,0.0369,0.79,0.000404,0.149,0.247,83.357,257759,4
"Poor Boy","CARR","6Wvi3W1wCzyLzVSD8g7JTQ",0.845,0.436,7,-8.351,1,0.0368,0.348,0.00252,0.336,0.557,118.051,164911,4
"Portland","Bowling Shoes","110NFrhyUhxxRmMCTdzF2R",0.657,0.579,0,-10.351,1,0.284,0.116,0.0000377,0.326,0.731,74.96,152258,4
"Pulaski","Andrew Bird","1tGRfoeKD06YvZr6l3uwEk",0.453,0.717,7,-7.724,1,0.0753,0.174,0.00243,0.12,0.393,111.023,242147,4
"Silly Goose","More Fatter","61O3EtR8IT4tmornSBGZgU",0.819,0.406,3,-5.801,1,0.0735,0.194,0,0.379,0.318,125.947,167216,4
"kissing girls","Grady","5lCtzEEl2FxySHX4zR9yEf",0.415,0.456,0,-7.315,1,0.106,0.934,0,0.49,0.72,181.452,100750,3
"Coffee And Cigarettes","The Night Game","6Dt6bZ7QoJAQWmCpZZ1GTb",0.682,0.523,2,-12.431,1,0.13,0.213,0.0579,0.342,0.5,166.052,325147,4
"Evergreen","August Kamp","4DOmrSKXmDSM3Xk2AOMP2x",0.619,0.385,6,-10.229,1,0.0314,0.767,0.0000188,0.0793,0.308,83.95,185714,4
"No Fire","S. Grant Parker","34LjJHd7uXQkcIxfyIwyRB",0.585,0.342,5,-7.419,1,0.0363,0.977,0.00522,0.282,0.277,127.231,228426,4
"Twin Size Mattress","The Front Bottoms","4AQ4tIKGLXeBQQsybOKTmv",0.318,0.873,4,-5.543,1,0.0881,0.00587,0.00000327,0.104,0.395,145.308,264707,4
"INC.","Dori Valentine","2PhljZgPDX8bpfPHYzlyY2",0.654,0.441,10,-6.673,1,0.0248,0.528,0,0.113,0.383,96.009,226972,4
"Fairy Tale","Homemade Haircuts","50iyPPNlMbGV7YEzPiUCK7",0.669,0.364,8,-10.82,1,0.0405,0.812,0.00108,0.159,0.501,123.983,168823,4
"Clay Pigeons","Michael Cera","0XgRWgcs0Pcr9PSIdFWD4N",0.292,0.241,6,-17.001,1,0.0428,0.97,0.00989,0.105,0.441,172.175,186000,4
"High Tops","Del Water Gap","1TPgw76OuRx2VA390Kjari",0.557,0.458,7,-5.127,1,0.0306,0.0499,0.0000567,0.176,0.262,128.126,238200,4
"Window","Nana Grizol","26qQ9Kn1JKEUWL3edx2pw4",0.54,0.384,4,-9.135,1,0.0352,0.538,0.0000448,0.155,0.664,96.814,227867,4
"Happy Accidents","Saint Motel","6KZ7duCkaniteGwmqz5ors",0.332,0.311,9,-9.568,1,0.0302,0.871,0,0.136,0.442,90.242,183333,4
"Love & War in Your Twenties","Jordy Searcy","4ZRrMMzxprxmGneblonNz7",0.736,0.525,2,-9.694,1,0.0296,0.22,0.00153,0.127,0.529,102.986,250547,4
"Get Yourself to Sleep","Oscar Welsh","74KttZ7bf1dDyrEviDbJCy",0.544,0.487,7,-6.818,0,0.342,0.852,0,0.212,0.46,84.056,182361,4
"You Were","Field Guide","0TsWu7ZYypXsIEIPwl6BOi",0.642,0.57,7,-12.557,1,0.0573,0.322,0.00856,0.0626,0.611,81.997,193747,4
"Slow Dancing","Aly & AJ","0tTEImoPqWvU1SiOduW1iy",0.698,0.457,7,-9.001,1,0.0307,0.581,0.263,0.114,0.308,114,267880,4
"Fall for Her (Nobody Else)","Runner and Bobby","7ygzSVrqKC2vfd3rNzZWEg",0.555,0.821,0,-9.63,1,0.0335,0.107,0.0407,0.0786,0.206,166.066,228434,4
"Smartest Man","Homeschool","3GZ6NF3JANq9rQpSOFoLw2",0.579,0.576,1,-6.938,1,0.0276,0.214,0.0000162,0.109,0.526,76.99,221760,4
"Kiss Goodnight","I DONT KNOW HOW BUT THEY FOUND ME","6bNk8Nakwq8nM6EGUy4nOP",0.491,0.598,7,-6.124,1,0.0353,0.0124,0.00000977,0.284,0.44,177.96,230038,4
"Rubble To Rubble","Wilderado","6nl9BAvm7wMV2mEEChRzA9",0.558,0.454,9,-8.377,0,0.0378,0.376,0.00000476,0.258,0.285,134.94,204000,4
"i saw you in a dream","The Japanese House","0ltmioOsLQsL0OFgcPbdVi",0.26,0.261,4,-9.651,1,0.0358,0.837,0,0.249,0.226,138.2,200304,3
"Woodland","The Paper Kites","431qZaQAJuIolwBrlDa6Yg",0.435,0.523,0,-9.502,1,0.041,0.535,0.00011,0.162,0.374,178.301,231587,4
"drinking games","Sophie Cates","1uE4onkFvDXyBjIGsu9PZ5",0.509,0.636,2,-5.811,1,0.0453,0.635,0.000127,0.613,0.302,94.135,200702,4
"Ramblings of a Lunatic","Bears In Trees","0zHgtaaO1T7AQh4TA9AK1b",0.701,0.376,4,-10.883,0,0.0447,0.799,0,0.126,0.673,111.922,212013,4
"Google Earth","eisenach","4IUXrIvqGk0XMxuXnwJo8m",0.708,0.498,9,-7.911,1,0.0861,0.323,0,0.0779,0.459,136.026,149000,4
"West Coast City","Tucker Rivera","5AmzmWV5W2cGE3pHesHMmS",0.607,0.199,10,-17.95,1,0.0644,0.902,0.000876,0.146,0.11,139.835,195429,4
"Do You Love Me Still?","The Kooks","1S9VJIS4unNB2D6SEf4BbD",0.408,0.412,1,-8.807,0,0.0386,0.218,0.000514,0.17,0.0804,138.178,195307,4
"Wasted Time","Vance Joy","7DmiHaP1MxL9i1p0kHhXq2",0.602,0.603,9,-6.981,1,0.0328,0.408,0.00188,0.157,0.454,112.021,300973,4
"Solar Power","Lorde","3KdoeNlEN0BoAKWzaRLNZa",0.735,0.47,4,-9.405,1,0.1,0.266,0.000105,0.32,0.897,87.971,192621,4
"still feel.","half•alive","48XkVAagIoQHCsOlJtXUd5",0.779,0.516,10,-6.467,0,0.0521,0.148,0,0.0492,0.715,120.026,247787,4
"Punching Bag","Wallice","68LD7fYCVnACJtnLKHd3Q9",0.621,0.766,1,-1.73,0,0.0392,0.433,0.0000092,0.323,0.612,138.974,153784,4
"Hallucinogenics","Matt Maeson","6bLU8e0LGyztE9iD5DWBQ1",0.549,0.653,0,-7.47,1,0.0503,0.457,0,0.0969,0.287,121.348,187173,4
"Would You Rather","Phoebe Bridgers","4ctEt5qumxA8RuzdeQagkk",0.482,0.363,10,-10.926,1,0.0309,0.936,0.000109,0.104,0.261,135.779,199080,4
"Kyoto","Phoebe Bridgers","49UDOG8DoBajXTJSTqfRMg",0.599,0.742,11,-6.886,1,0.0419,0.0488,0.32,0.0916,0.493,131.014,184524,4
"Boys","Indigo De Souza","3rq5VaJa4HfQIHPgGa2iH8",0.738,0.225,2,-15.651,1,0.0363,0.862,0.000167,0.107,0.189,103.035,212544,4
"Savannah","Relient K","5xJII9WBtF4YwKeTsymO6P",0.702,0.695,1,-6.152,1,0.0352,0.143,0.0000322,0.115,0.554,107.915,256720,4
"Flightless Bird, American Mouth","Iron & Wine","1X3T2J7S1s6aCIbmjFf2NG",0.37,0.403,3,-7.997,1,0.026,0.822,0.0649,0.106,0.179,155.049,241917,3
"Fast Talk","Houses","7DrvXVuYtvFZjM8AymQlel",0.597,0.503,9,-7.732,1,0.0377,0.545,0.11,0.205,0.351,140.023,259947,4
"Nothing","Bruno Major","2IAR0DziHCjSu16gR4ihvy",0.555,0.27,2,-15.892,1,0.0884,0.931,0.536,0.103,0.274,139.691,162797,3
"Lose It","SWMRS","0Ceozg27V0Ws9jgQixD8fr",0.792,0.41,5,-10.141,1,0.0492,0.334,0.0000219,0.106,0.561,112.043,240533,4
"If You Want To","beabadoobee","7I1kle4TNmkfednJDKo8GR",0.666,0.527,9,-5.851,1,0.034,0.109,0.0000902,0.132,0.37,115.979,223638,4
"Choke","I DONT KNOW HOW BUT THEY FOUND ME","37mfTcSlX60JtAvAETytGs",0.516,0.85,4,-3.909,0,0.0706,0.00139,0,0.296,0.583,120.324,195717,4
"Your Graduation","Modern Baseball","0YHbKVzzxk7bUpfdr9VQY3",0.395,0.902,8,-5.808,0,0.176,0.001,0,0.327,0.632,184.737,163760,4
"Island In The Sun","Weezer","2MLHyLy5z5l5YRp7momlgw",0.654,0.81,4,-6.26,0,0.0288,0.00719,0.00251,0.165,0.661,114.623,200307,4
"Spring Time","Daniel C","6oHKhHfrB0uHGCjkUsZEDy",0.797,0.455,2,-8.09,1,0.0366,0.691,0.748,0.0685,0.769,90.001,210077,4
"arrow","half•alive","6HGDxEtcoUsztb2xeVOXTP",0.797,0.606,7,-6.41,1,0.0938,0.00549,0.0000962,0.0954,0.77,99.982,222707,4
"White Lies (feat. Alex Charles)","Daren","2GsYhRWCg5uwTB0FxX1t67",0.688,0.701,4,-7.603,0,0.0316,0.634,0.0215,0.111,0.666,143.99,177041,4
"Marceline","Vista Kicks","3OJ0qtEbfXrqSWizwfKkaZ",0.674,0.588,1,-4.849,1,0.0403,0.179,0.00000144,0.0938,0.585,94.077,231303,4
"Astronaut","Future Crib","2N9Mt1z4ZINZsP7K4y2Qbu",0.48,0.327,6,-12.123,1,0.06,0.013,0,0.0816,0.609,153.324,186253,3
"Hot Knifer","Peach Pit","51jG0OlS5GWuunFH05NyC6",0.644,0.247,6,-8.813,0,0.0368,0.927,0.0264,0.115,0.0876,124.667,248747,4
"Stuck on the puzzle","Alex Turner","7w6QlKAOcNEnqRgrnJvQtr",0.58,0.682,4,-8.523,1,0.0332,0.0792,0.0316,0.161,0.774,77.53,211053,4
"Trigger Of Love","JAWNY","3soKdLpgZNCtYLRsnwxwfB",0.661,0.618,6,-5.023,1,0.167,0.371,0.000222,0.114,0.523,75.029,170023,4
"Rocky","Still Woozy","5uDohC8URXwbGiHAMuKGoa",0.734,0.518,11,-9.514,0,0.0813,0.556,0.00282,0.111,0.555,101.083,166000,4
"Kilby Girl","The Backseat Lovers","1170VohRSx6GwE6QDCHPPH",0.329,0.444,1,-9.973,1,0.0417,0.0578,0.0352,0.113,0.225,162.279,282206,4
"didya think","Arlie","4HOg84QsolNLzNp08qZ3sX",0.468,0.89,4,-2.974,1,0.0701,0.00415,0.0000121,0.508,0.709,140.265,200467,4
"Red Eye","Vance Joy","43YnOHuci8PolOAzI7XoXe",0.535,0.542,9,-7.436,1,0.0288,0.0418,0,0.158,0.129,115.554,303827,4
"coachella","lovelytheband","1bPJ6Ay1La8IYPCuCvQA7k",0.563,0.646,2,-6.849,1,0.0312,0.0664,0.000879,0.0877,0.288,115.013,226435,4
"Chanel","Frank Ocean","6Nle9hKrkL1wQpwNfEkxjh",0.776,0.503,0,-5.732,0,0.237,0.874,0,0.112,0.473,110.134,210285,4
"Boredom (feat. Rex Orange County & Anna of the North)","Tyler, The Creator","5WNYg3usc6H8N3MBEp4zVk",0.559,0.578,8,-9.54,1,0.151,0.79,0.000522,0.324,0.239,79.938,320720,4
"See You Again (feat. Kali Uchis)","Tyler, The Creator","7KA4W4McWYRpgf0fWsJZWB",0.558,0.559,6,-9.222,1,0.0959,0.371,0.00000749,0.109,0.62,78.558,180387,4
"EARFQUAKE","Tyler, The Creator","5hVghJ4KaYES3BFUATCYn0",0.554,0.498,9,-8.866,1,0.0685,0.23,0.00000598,0.795,0.413,79.635,190067,4
"White Lie","The Lumineers","0omH6Dbw21O4Hw46cTbMBF",0.632,0.284,8,-9.319,1,0.0315,0.792,0.000704,0.109,0.167,79.024,195083,5
"Where The Skies Are Blue","The Lumineers","3CuscN8itbT86pQFKQMIk7",0.569,0.477,9,-6.577,1,0.0277,0.861,0.000485,0.0644,0.552,132.423,140120,4
"A Long Time Ago","Jim Croce","47E0dqLhKvJZvQYod46Ibd",0.562,0.387,7,-10.959,1,0.0307,0.543,0.000109,0.171,0.806,115.16,141707,4
"Denim","Stelth Ulvang","2JLqBniy8pZp0DBJH03aTx",0.576,0.652,4,-11.138,1,0.0618,0.662,0,0.111,0.708,142.727,166907,4
"Walls","The Lumineers","3UpEsDQyd6eyRQzgQdNyGo",0.609,0.44,10,-6.32,1,0.0265,0.692,0,0.0688,0.43,108.427,199119,4
"Woman","Mumford & Sons","4LngVAmigX4WrBEDfonBlU",0.587,0.514,1,-11.924,0,0.0394,0.64,0.391,0.11,0.15,156.948,274553,4
"Shaky in the Knees","Grizfolk","6hK0SJ7bCPSlmXB9yGVTr5",0.591,0.601,7,-7.222,1,0.0269,0.19,0.00263,0.0958,0.515,117.076,209480,3
"I Got You Babe","Boom Forest","4aW2GNivjugccqc5Hq45TY",0.427,0.295,10,-9.161,1,0.0412,0.939,0.000635,0.193,0.549,81.158,147333,4
"The First Time","Miki Fiki","2A0fhBGmHrrQ1kMQ4QpIjO",0.955,0.208,11,-13.384,0,0.226,0.573,0.00124,0.113,0.654,124.997,209723,4
"Summer Fantasy","Williams Goldsmith","5UL4RRKCn2X9nKAgQ0KRRM",0.737,0.708,1,-5.422,0,0.0665,0.155,0.000026,0.0716,0.897,160.033,207880,4
"Little Lion Man","Mumford & Sons","6JnufVNLIO5F5Lk4sEVLeI",0.517,0.481,5,-8.273,1,0.0272,0.0293,0.0000179,0.0903,0.461,138.51,246973,4
"Sunday Morning","Tyson Motsenbocker","3uHzqbhFpVuetPLjJ8JTMW",0.683,0.545,0,-11.643,1,0.0609,0.552,0.0695,0.0929,0.625,148.046,299333,4
"Guiding Light","Mumford & Sons","4VeCmOb1rAEZQfH7Rlms9C",0.551,0.685,7,-8.649,1,0.0421,0.0547,0.0000118,0.0743,0.289,100.05,217633,4
"The Cave","Mumford & Sons","7IxVWmdabNVhfLBV3JD0nJ",0.595,0.506,4,-9.682,1,0.0388,0.0464,0.000138,0.107,0.346,141.981,217987,4
"Angeline","Rayland Baxter","1b3UY0WcVkxQvPDGo7T36s",0.485,0.75,10,-6.564,1,0.0289,0.0278,0,0.385,0.802,91.795,234800,4
"TJ","Orange Guava Passion","3TNWABKm4Xgcl2WMYbPoBm",0.616,0.562,4,-8.016,0,0.0608,0.371,0.00303,0.677,0.677,94.868,245496,4
"I'm with You","Vance Joy","6Qwuw0eOeszVlewLpu24gR",0.657,0.396,7,-9.255,1,0.0293,0.805,0.00000158,0.103,0.115,110.003,239787,3
"You Are Gold","The National Parks","2AcN6OGdjrnvNNoLTLFSy6",0.43,0.133,8,-13.512,1,0.0311,0.874,0.000322,0.113,0.16,107.916,216653,4
"Georgia","Vance Joy","429EttO8gs0bDo2SQfUNSm",0.388,0.66,11,-7.372,1,0.0308,0.312,0.000307,0.0943,0.401,143.554,230507,4
"Hello My Old Heart","The Oh Hellos","2c62Xf5Po1YSa1N6LOjPHy",0.557,0.299,0,-10.634,1,0.0266,0.624,0.0308,0.0914,0.297,90.081,256007,4
"Haunt Me","Samsa","2qwGNZ1cLhF5i1r73jXjiO",0.773,0.797,1,-7.184,0,0.276,0.229,0,0.138,0.836,85.016,260859,4
"Good Thing Go","Quinn XCII","7hV7333ajQNI1J6R5C9A8c",0.876,0.376,4,-9.341,1,0.257,0.476,0,0.106,0.326,113.902,212453,4
"Winter","RELIC","6VTNJbxYwWjvC0Nqm09oT4",0.667,0.68,11,-11.07,1,0.0579,0.0395,0.00000207,0.168,0.676,114.95,235598,4
"Lake Missoula","Richy Mitch & The Coal Miners","4x1dWc1GgAfC04GcTlllax",0.446,0.247,11,-13.036,0,0.0287,0.905,0.233,0.111,0.245,138.328,106250,1
"It Won't Be Long","Okay Mann","5hHuux42yF2Wedmm1hX09V",0.636,0.283,3,-12.356,1,0.0333,0.886,0.0000144,0.0989,0.594,113.885,228211,5
"Utah","Brotherkenzie","6RZqf37lR2vnJ2AiZFINtl",0.56,0.325,4,-8.622,1,0.0314,0.954,0.00278,0.209,0.225,68.558,145401,4
"First Winter","Wrabel","11aDztfDWwW2fMwL5m438y",0.627,0.164,8,-10.57,1,0.0342,0.962,0.00000411,0.0997,0.218,142.691,176788,4
"Televised","HUNNY","35Ki1lvKPC2sFBD3GmKdRG",0.591,0.746,8,-7.762,1,0.0444,0.000729,0,0.127,0.432,107.965,194717,4
"Tide","Bearings","6MBTuI30fBCY1y3ZdaTNzP",0.418,0.471,5,-10.081,1,0.0301,0.769,0,0.11,0.375,110.062,159553,4
"Roll It Back","LUTHI","37VlraHNV0dkzrudtmtYUA",0.763,0.394,10,-5.206,1,0.0581,0.0612,0.00506,0.0878,0.57,140.023,252663,4
"Kathrin With a K","Super Whatevr","4KlbJch4OzwdMEWGVECEtJ",0.631,0.271,2,-10.481,1,0.028,0.609,0.0011,0.113,0.29,99.912,267716,4
"You Deserve an Island","Chase Huglin","2YXbwp5kIJ0gAIbsWF9ISt",0.752,0.359,4,-9.57,1,0.0557,0.701,0,0.0656,0.536,93.068,111129,4
"Coconut","Shag Rock","5zVrzLU4NiuYsdJmLH5R6g",0.685,0.636,11,-5.903,1,0.0288,0.43,0.0000151,0.0988,0.661,130.023,187893,4
"Why Can't We Be Friends?","Jordy Searcy","0GfSic6OxNWqnYqDFbFbFN",0.79,0.449,0,-6.973,1,0.0595,0.524,0.00000477,0.077,0.66,82.044,207656,4
"Morbid Mind","Jack Kays","7g729lW7Fcm3knbVp5VzPG",0.737,0.708,0,-2.059,1,0.032,0.645,0,0.111,0.721,126.052,136712,4
"Golden Hour","Champagne Lane","2pU78FvLAjcRrDEjEH7L3M",0.731,0.575,4,-11.68,1,0.0441,0.343,0.0000661,0.0991,0.764,97.043,278011,4
"We're Going to Be Friends","The White Stripes","3sRqWnnFdsnWxdLlr0hOUM",0.537,0.421,7,-7.116,1,0.0276,0.701,0,0.0817,0.428,97.183,141224,4
"Hibernate With Me","Benjamin Scheuer","1ukC2EBQxxbX2ODKpeGAaa",0.512,0.408,1,-11.84,1,0.038,0.854,0.00000384,0.117,0.535,97.786,173880,4
"Stella Brown","Jelani Aryeh","4gwltSjdrzKtKz9dlk2Wja",0.724,0.48,2,-7.537,1,0.0342,0.211,0.0772,0.289,0.591,125.007,187415,4
"Autodomesticated Animal","Birdtalker","3B93RCDFyuUsdnfvefP6pP",0.592,0.638,4,-7.643,1,0.0337,0.305,0,0.214,0.424,113.921,277733,4
"Long Strange Trip...","Cisco Adler","6vso25ZkwAAm2rtDhsqrAF",0.829,0.271,7,-10.79,1,0.0405,0.947,0.000324,0.11,0.338,125.001,192307,4
"thrifted youth","dalynn","6jnlnvLfayYxvn4kYQl36c",0.57,0.0674,11,-14.907,0,0.0793,0.877,0,0.0861,0.47,73.343,200526,4
"Stuck in the Middle","Tai Verdes","2HQPOVBAOU2EBTy1nBGRiW",0.844,0.429,2,-9.308,1,0.0448,0.574,0,0.0949,0.764,119.989,196000,4
"Alaska","Little Hurt","0sSoNYwZLoE4gLAKIG4uYL",0.796,0.582,7,-3.319,1,0.146,0.132,0,0.093,0.915,139.997,188679,4
"Mistaken for Granite","Golden Boy","41mP5TwtO4elH632C5BozF",0.628,0.565,7,-5.959,1,0.0969,0.567,0,0.0981,0.387,145.905,205774,4
"WHERE MY MONEY GOES (feat. CHIKA)","firekid","63lXZuRtchDXx1fRlVxGxL",0.761,0.593,10,-8.831,1,0.0869,0.747,0,0.116,0.888,110.066,246493,4
"Catie Rae","This Wild Life","0fctnQhalww3PGBVutf3MO",0.344,0.46,10,-9.399,1,0.0319,0.709,0,0.117,0.528,84.469,132453,4
"Runaway Goliath","Mantaraybryn","2pI6ZxY5eRJ4pWRLL28xCP",0.715,0.697,2,-7.516,1,0.0576,0.282,0,0.0873,0.411,88.987,237631,4
"McLean's Baby Boy","Neighbor Susan","2slJjf2J4Fau7KDgD6ip5D",0.708,0.543,9,-9.113,1,0.0312,0.0126,0.00359,0.116,0.393,125.013,400000,4
"Simple Words","Diners","0DLGMWGYDbjo3WCvEe0viL",0.648,0.548,4,-6.77,1,0.0309,0.55,0,0.213,0.705,117.404,164867,4
"Flower in the City","The Other Favorites","2KH5loLRXyNgheGPIxSBlW",0.597,0.132,11,-17.435,1,0.0322,0.851,0.000237,0.094,0.246,106.083,255744,4
"If I'd Never Seen Your Face","Ryan Lerman","0C1GdS8ORJqxpXZJI3cGmR",0.625,0.614,10,-5.115,0,0.0534,0.0905,0.00000363,0.105,0.788,127.893,172773,4
"a conversation about identity","tea","7uxLaYX3VYYSyG3ghpjqXi",0.879,0.415,4,-9.981,1,0.0512,0.664,0.102,0.362,0.46,121.927,151491,4
"Motorola","Miloe","4K8T9ahrkh0ZnANKXag0n3",0.825,0.585,11,-7.376,1,0.0376,0.764,0,0.256,0.566,115.09,145503,4
"Valentine Girl","Sam Burchfield","453OMWBBVnfHG86LaKsrKZ",0.663,0.441,2,-7.214,1,0.0397,0.323,0.0000173,0.09,0.354,109.042,235640,4
"Jerusalem, New York, Berlin","Vampire Weekend","7lQgoAWAFAo0XW7dW2TL1y",0.562,0.199,9,-10.4,1,0.0574,0.917,0,0.229,0.4,134.039,174653,4
"Backseat","Lafrantz","2V44oohInzH6JQrWZrlQMP",0.771,0.44,2,-9.598,0,0.0394,0.472,0.0000195,0.106,0.832,144.931,159558,4
"Joshua Tree","Rozzi","3iExRKI7vV9RrzvAuXmMTY",0.869,0.395,11,-5.743,0,0.0633,0.906,0,0.0956,0.57,101.902,231656,4
"Supalonely","BENEE","4nK5YrxbMGZstTLbvj6Gxw",0.863,0.631,7,-4.689,1,0.0534,0.305,0.0000304,0.123,0.817,128.977,223480,4
"The Idea of Growing Old","The Features","48Az2X7ZsYZTyZgEDkif9q",0.558,0.72,7,-5.878,1,0.0283,0.00783,0.00000289,0.169,0.487,105.911,192547,4
"São Paulo","Vincent Mango","0UveavG8EANhh5v68UHUNK",0.446,0.884,7,-5.469,1,0.069,0.00489,0.0001,0.196,0.585,155.011,169091,4
"Headache","August Kuper","678rh20Yi6nv2UB61lmEa4",0.48,0.453,6,-11.902,0,0.0508,0.717,0,0.141,0.0828,106.971,255981,4
"When You're Around","From Indian Lakes","0wpTcvlxJvL8mswizZgNul",0.685,0.331,5,-14.058,1,0.0446,0.896,0.0241,0.0965,0.235,87.932,193863,4
"Beige (unburdened)","Yoke Lore","5RwV6h5im9xwquPwzjs8IX",0.377,0.296,10,-9.815,1,0.0902,0.826,0.0000105,0.093,0.243,80.13,196507,4
"Back to You","Hardcastle","61APJ1e19xIKpz3w2U10Bn",0.518,0.519,5,-3.858,1,0.0274,0.123,0.0000824,0.419,0.505,78.012,236652,4
"Dark Red","Thomas Rowland","0MeGdNYrMWl88cefGjr0pk",0.558,0.286,10,-16.822,0,0.0411,0.593,0.00148,0.0904,0.591,171.865,173793,4
"Ohio","The Hussey Brothers","4MtS2Z9GtRTwhqJ3EWJHEi",0.461,0.371,10,-9.14,1,0.0311,0.854,0,0.166,0.378,141.981,233980,3
"Hope You Do","Cinders","00qRk4psq7Q75yWrlN0SBC",0.735,0.418,0,-8.449,1,0.0451,0.143,0.00000548,0.0776,0.284,139.977,289878,4
"Isabella","Talladega","1i1pKSqsCTSUICm3QpiMGU",0.793,0.661,2,-5.874,1,0.0354,0.27,0,0.0506,0.932,120.071,110500,4
"messy","emily the band","6hXtw6QVSVEWbMb15YrUHI",0.558,0.447,1,-11.064,1,0.102,0.607,0,0.177,0.249,203.853,254119,4
"Aging out of the 20th Century","Trash Panda","5gVMHBodcPKPvFTxnFV5BT",0.55,0.132,10,-15.643,1,0.0387,0.951,0.0021,0.117,0.241,114.974,206684,4
"Chicago Summertime","The North And Wells Band","7BNXREnWptfsCMXzu2rBmk",0.42,0.489,9,-11.07,1,0.103,0.202,0,0.277,0.375,115.39,168099,4
"Twenty Two and Some Change","Stephen Day","6K5w15Q6yccYgd2ZK4Iumn",0.655,0.462,8,-9.438,1,0.0673,0.438,0.000462,0.167,0.749,140.382,174240,4
"Dave's Song - Demo","Whitney","3c2sK4jst0tiD8xEbvQJuB",0.637,0.456,1,-11.592,1,0.0415,0.759,0.166,0.203,0.319,134.687,191606,4
"Trouble","Jon Zane","4SDSJtOAM2kOF1MvOnjbxL",0.639,0.358,4,-11.16,1,0.0292,0.883,0,0.326,0.252,134.954,202134,4
"Saccharine","Atta Boy","2WFJ4lrFWnsZFUPSn9ETkX",0.375,0.289,4,-11.508,1,0.0295,0.525,0.0126,0.0898,0.114,76.328,304813,4
"Sunday","Office Hours","0wjpNwZnMbp34RmN18sOJW",0.801,0.62,2,-9.158,1,0.0541,0.184,0.00285,0.219,0.861,132.956,259919,4
"Best Intentions","Hodera","30x4FrHvLeQquxj58kjdHi",0.56,0.363,1,-10.826,1,0.0323,0.638,0.0000014,0.13,0.132,109.954,224800,4
"I Could Make You So Happy","Bombadil","3WUo41EtLoJIkakMakpdk4",0.712,0.3,4,-15.369,1,0.0332,0.543,0,0.128,0.46,110.734,207229,4
"Maine","The Tragic Thrills","2fhXlfAnC1KXmc1ro7OiWO",0.612,0.526,0,-7.35,1,0.0277,0.0463,0.00000137,0.108,0.533,117.991,305253,3
"Being Around","The Slaps","6ixK5JMnYbGr8ZLXU0TpWs",0.672,0.108,11,-15.48,1,0.038,0.975,0,0.109,0.341,95.043,160500,4
"Coffee","Havelin","3MMt2epZdwUT2qiWP8mzrT",0.41,0.446,7,-7.674,1,0.0282,0.537,0,0.253,0.418,74.174,203926,4
"On & On & On","Caamp","139xoLhM166648O3iGusyh",0.644,0.412,0,-8.656,1,0.0283,0.77,0.0691,0.0753,0.691,121.326,217040,4
"Train Song","Danny Fishman","0m2mltkINtdRvKe1lG5AhM",0.664,0.595,0,-7.597,1,0.0427,0.446,0.000275,0.119,0.629,159.974,204401,4
"Be Glad I Love You (Go to Bed)","Bug Hunter","5uXZ5KocfALV60IJwcV5KN",0.653,0.621,9,-4.019,1,0.0914,0.774,0,0.0766,0.679,124.82,218933,4
"Watercolors","Holland Teed","2Lh3lYgrxGbo4Jk2dOvthz",0.362,0.369,10,-11.687,1,0.0382,0.901,0.0000186,0.14,0.142,95.009,229669,4
"The Answer","Honey Butter","7cs7eJjQvyOG4CqwB3JAJ4",0.449,0.262,10,-10.866,1,0.0412,0.762,0.00000433,0.0776,0.521,174.576,290087,4
"Bonnie & Clyde","Vance Joy","1SqtvHdK7YCSPFJLZ0a3ZD",0.715,0.611,0,-5.448,1,0.0367,0.893,0.0113,0.0968,0.412,117.87,194080,4
"Rachel","Steppes","7JzVWSZUQhOe8lXB4BJfjH",0.466,0.821,3,-3.798,1,0.0384,0.00535,0,0.342,0.408,137.876,198667,4
"Older","Brother Moses","0pNZbcaEUUUaU0rZVG1Tl2",0.614,0.682,0,-5.389,1,0.107,0.0249,0.024,0.221,0.637,159.906,176200,4
"This Love Is Sarcastic","Jakob Leventhal","3JojHINS3eGsY1zf4GlA5n",0.528,0.512,11,-10.434,1,0.0302,0.385,0.000134,0.167,0.384,140.221,213356,4
"Beggar's Song","Matt Maeson","4NK49OnNDP3oJcTGs89XSg",0.446,0.456,6,-7.338,1,0.054,0.595,0,0.0752,0.27,145.056,235053,4
"The Thought of You","Logan Smith","4vh9bxS0ekRVMwdQ0l6Kcv",0.625,0.522,7,-5.517,1,0.0296,0.468,0,0.3,0.607,91.973,194113,4
"Girlfriends","The Academic","1cPNHoDgXMXajqgogNiWxa",0.515,0.645,4,-7.154,1,0.0294,0.0438,0.0000379,0.154,0.399,108.948,211804,4
"Sky Is a Bed","The Humble Cheaters","2Ey9gASbCNN3nMWJA5bEAn",0.465,0.478,8,-11.042,0,0.0283,0.0302,0,0.148,0.379,95.464,211069,4
"Partners in Crime","FINNEAS","5q70KuhgvW5vaietlERAKK",0.572,0.42,7,-12.714,1,0.339,0.804,0.00063,0.0966,0.436,172.681,223283,3
"90210","blackbear","2mZF9Se9RWzjxK6EnXvIZG",0.82,0.43,0,-9.713,0,0.0356,0.16,0.00000161,0.11,0.424,89.986,207733,4
"Girl from the Sidewalk","Noah Floersch","6nl9rGhUUdGqqdT6ymK8e8",0.645,0.773,7,-8.392,1,0.0574,0.607,0.0000041,0.113,0.386,152.038,404211,4
"I Feel Good About This","The Mowgli's","7d06uajfr1DZUeKVCaE9BS",0.525,0.841,7,-6.053,1,0.0419,0.00428,0,0.146,0.495,119.864,201528,4
"Pretty Girl","LaPeer","6k7XKEdFxepEpxbwjeOZqI",0.578,0.696,2,-5.32,1,0.0334,0.216,0,0.0975,0.415,91.022,247603,4
"More Lucky Than This","Brent Walsh","17lvbuLQBcxmKv9QNrRrHG",0.625,0.334,9,-8.623,1,0.0291,0.718,0,0.113,0.374,118.227,238160,3
"Texas Tea","Jon Bryant","5G8OzffnHuUkIhm8yBCkny",0.539,0.275,2,-11.556,1,0.031,0.768,0.00000142,0.127,0.403,81.455,285413,4
"Birds (feat. Terrence Williams Jr)","Thomas Sanders","0p7LqvPd3sMXbgHLcvFXbw",0.504,0.348,5,-9.118,1,0.03,0.878,0,0.113,0.323,105.766,209069,4
"Friday Night Placebo","Sidney Gish","0D2fhu8YeX344izprjfSW9",0.377,0.189,11,-11.739,1,0.038,0.905,0,0.228,0.334,149.575,220909,4
"Color Me In","Ian Logan","7KMUoNSioygX1iiLrkpKYJ",0.555,0.333,0,-9.769,1,0.0346,0.519,0,0.0932,0.545,137.35,180141,4
"Hazel Eyes","j solomon","3TcJ8rBxlvLblqsb75oLSM",0.627,0.182,7,-17.931,1,0.128,0.825,0.00251,0.118,0.371,134.922,226302,5
"Suzie","The Northern Empty","4OgdaouI6YOFFFiHflek8W",0.708,0.852,3,-8.235,1,0.029,0.292,0.000259,0.0693,0.909,126.995,192464,4
"Acid Girl","Phoneboy","6MgxhqQ6W6HXJU2R602nYf",0.702,0.518,11,-6.831,1,0.0274,0.147,0.00000629,0.0883,0.716,115.984,210352,4
"Sunshine.","Sunseek","7FEo6KEtCeJ6GOEqpvgmsf",0.613,0.479,0,-9.312,1,0.282,0.884,0,0.184,0.624,82.704,141688,4
"Young Love","Phillip Vo","2io8RSvr3NQiCN6hl53lU3",0.695,0.673,1,-7.314,1,0.0402,0.321,0.0000024,0.0854,0.696,101.948,214133,4
"The Night We Met","Lord Huron","0QZ5yyl6B6utIWkxeBDxQN",0.545,0.366,2,-9.51,1,0.0378,0.969,0.267,0.641,0.1,86.997,208212,3
"Ends of the Earth","Lord Huron","4yyg2J2uXOjCtCyT64984C",0.555,0.584,4,-8.667,1,0.0301,0.274,0.0228,0.254,0.41,120.965,284147,4
"Michigan and Again","The Accidentals","5BZIKwbLZXFKiEKbQGlJpv",0.282,0.59,2,-7.551,1,0.0985,0.491,0,0.169,0.431,190.285,263200,3
"Photos from When We Were Young","Nana Grizol","4XJQbDTfGC603ipqFld7wI",0.602,0.374,7,-8.425,1,0.0279,0.585,0,0.187,0.598,83.5,205173,3
"Cherry Cola","Floyd's Boys","1Ewa2K9dUgYJlVAr6MfO9T",0.522,0.341,11,-14.61,0,0.485,0.204,0.000504,0.318,0.407,156.906,200500,4
"Girl","Jukebox The Ghost","63OB8oKmBUUYiRtrRtFCvX",0.605,0.615,8,-5.617,1,0.0474,0.479,0,0.137,0.841,172.211,213787,4
"you're my world","atlas","7tjLhVohcthjLc72nXrWT2",0.785,0.563,6,-7.805,1,0.103,0.655,0.00916,0.108,0.425,86.025,157038,4
"Boy Who Has Everything","Annika Bennett","37hblhCnC5YzhDQH58Rgpi",0.552,0.199,1,-13.353,1,0.0347,0.862,0.0000769,0.113,0.266,135.604,186291,3
"September Told Me","Juice","1eoBjst5AVu1y4Wn4dkD9A",0.485,0.868,4,-4.372,0,0.0569,0.309,0,0.1,0.614,135.146,255880,4
"I've Got a Huge Crush On You","SNCKPCK","6dicM918CC5hUttgpHOPPi",0.544,0.306,0,-11.433,1,0.052,0.894,0,0.189,0.538,106.109,168130,4
"Blue Eyed Girl","The Arcadian Wild","2FJAhnmZlX8Pz6hho6jJi0",0.632,0.314,7,-9.829,1,0.0278,0.659,0.000144,0.224,0.333,129.954,285000,4
"The Inventor's Daughter","Branches","0N69EwDqsxYUCo1U9Y8XsR",0.537,0.594,4,-8.147,1,0.0497,0.208,0.00000752,0.113,0.363,145.093,264240,4
"1984","Devarrow","0F0j6ff6MBiwasFfBhrYuB",0.766,0.563,5,-10.451,1,0.0566,0.358,0.00119,0.134,0.318,133.042,225840,4
"Soul Factory","Bendigo Fletcher","65Wg7hcSgu8Tinb5en9iwq",0.757,0.185,3,-9.339,1,0.0389,0.678,0,0.35,0.3,105.004,221779,4
"Magic to Me","The Tuesday Crew","20Tq1WkS2COkyCW4nLtepO",0.668,0.609,4,-8.537,1,0.0669,0.273,0.000503,0.288,0.782,75.063,198240,4
"Shampoo Bottles","Peach Pit","2INUkDPCO1eQlOFmIN5VAC",0.648,0.436,8,-9.578,1,0.0275,0.0232,0,0.0944,0.333,107.019,224267,4
"Rock To My Roll","Anarbor","0pDbrLNpDx7xY68z64QNcs",0.591,0.808,3,-3.955,1,0.0377,0.318,0,0.11,0.586,123.027,167093,4
"Time Bomb","Augie Isaac","51raVcOaAS7kejfR0OHqlD",0.579,0.341,7,-10.738,1,0.0359,0.938,0,0.104,0.423,118.402,162747,3
"Circles","Real Face","4qIL2kqVLj9X1PE5IrhcFD",0.807,0.629,6,-7.914,1,0.0793,0.0896,0,0.104,0.725,94.985,199970,4
"Forever Young","Alphaville","4S1VYqwfkLit9mKVY3MXoo",0.489,0.483,9,-9.466,0,0.0275,0.42,0.0028,0.236,0.333,136.822,226706,4
"Mind Over Matter (Reprise)","Young the Giant","77KnJc8o5G1eKVwX5ywMeZ",0.393,0.487,0,-6.348,1,0.0337,0.229,0,0.128,0.3,151.958,230867,4
"Good Rhymes for Bad Times","Bears In Trees","5yjQbOYyRqaXSPKUAvcS82",0.81,0.434,9,-11.637,1,0.0669,0.172,0,0.092,0.853,126.009,219469,4
"Peachy","Ghosthaus","3ovN6aYZXLLYnIQt6cxLh7",0.522,0.68,7,-5.648,1,0.0275,0.438,0.0000135,0.0798,0.319,90.022,263953,4
"Ego","Koren Grace","3lBcxzsGXd2DaeC1XgjkfD",0.741,0.443,5,-6.677,1,0.0304,0.353,0,0.205,0.187,89.996,243018,4
"Rollin' Around","Nat & Alex Wolff","7vqEcDc2C51DK890XZCwZC",0.862,0.645,1,-4.97,1,0.0407,0.182,0.00246,0.322,0.437,98.97,217120,4
"Like Or Like Like","Miniature Tigers","3Gp3KGChMmdv5v8ahwOCCR",0.75,0.528,2,-4.643,1,0.0277,0.0297,0.0000115,0.0957,0.864,96.094,156653,4
"Cig","Baby FuzZ","3RcLm0u6OEGLuzE6H9ddhO",0.391,0.311,6,-8.063,1,0.0361,0.744,0,0.114,0.219,75.455,198000,4
"Another State","Tigers in the Sky","1XZkp1rKR0SeIFobNGNgu2",0.761,0.492,3,-9.426,1,0.0427,0.442,0,0.335,0.634,108.067,173227,4
"Lucy (Acoustic)","Olivver the Kid","5U4SXbJNazCu13myBr4u3a",0.528,0.411,1,-7.586,0,0.0297,0.69,0.0192,0.0993,0.179,113.115,153574,4
"Peach Scone","Hobo Johnson","4Pj5nvdDibE3sgflD87J2i",0.583,0.408,7,-9.125,1,0.564,0.65,0,0.309,0.612,74.738,212800,3
"Georgia Peach","Manwolves","7DFj4U25OOZdVyddp3SMp5",0.609,0.584,5,-4.775,0,0.148,0.676,0,0.0893,0.725,144.06,246973,4
"Table Top","Austin Giorgio","2ERTiGJSF33E1sWVPqxYS7",0.749,0.709,0,-4.944,1,0.0666,0.414,0.0000132,0.18,0.411,95.013,202003,4
"Spirits","The Strumbellas","7GJ572zvnU94VZVrj5XRtb",0.556,0.658,0,-6.075,1,0.0265,0.164,0,0.113,0.787,80.529,203653,4
"Please Never Fall in Love Again","Ollie MN","42H6GeQfrBkT3vTUTdpB1M",0.646,0.0828,10,-16.205,1,0.0435,0.838,0.000012,0.0934,0.293,108.826,154000,4
"Barcelona","George Ezra","58Qol5xzalwqF912GE9vQv",0.629,0.572,5,-9.332,1,0.0307,0.32,0.000853,0.109,0.182,93.997,188960,4
"Butterflies","Samsa","6kVku2CoE7fbD29miiutzw",0.54,0.744,1,-10.942,1,0.405,0.307,0.0000895,0.103,0.925,92.207,199184,4
"Sofia...","Leland Blue","3mVvHX2unymAji6lBRuzBg",0.585,0.747,9,-5.326,1,0.0431,0.063,0.000566,0.0827,0.445,124.116,312000,4
"You In January","The Wonder Years","0FFvUdqOm90739ZXupy2w4",0.296,0.346,2,-9.017,1,0.0325,0.8,0.000675,0.102,0.285,191.707,193394,4
"Garden in the Backyard","BL","7cqzm8VPjWnhzdmkypGGsj",0.588,0.407,4,-12.947,1,0.0355,0.572,0,0.367,0.52,131.961,228254,4
"What Makes The World","The New Respects","5pgUtnVYlWsCSG1LtggFkJ",0.534,0.501,0,-6.507,1,0.0332,0.647,0,0.112,0.145,85.944,225307,4
"Coffee","Post Sex Nachos","3a9cCw16YWkeOBQkCG22X9",0.444,0.307,4,-14.076,1,0.0307,0.516,0.00000146,0.318,0.349,160.305,184500,3
"Baby Teeth","Deal Casino","7tsCU1ddBjBIuSt0zBXllk",0.614,0.649,4,-7.494,1,0.0228,0.0843,0.0278,0.0619,0.728,88.012,250799,4
"Sweet Adeline","Avriel & the Sequoias","187p9sYxulKvYvR7YP5rGw",0.629,0.643,5,-6.495,1,0.0318,0.172,0,0.12,0.343,92.546,208865,1
"Two : Thirty","G Krish","3yPckQ5e1IdcRHLB4a4hKo",0.626,0.361,3,-11.48,1,0.0363,0.768,0.0117,0.119,0.0331,101.825,253000,4
"Matter of Time","David Huss","7kQixzudrqrMXRg9qeuK5y",0.567,0.247,2,-15.706,1,0.031,0.944,0.82,0.0968,0.45,93.082,285057,4
"with you","seth arlan","776c5iOQohyPNC3nryvYxC",0.742,0.235,9,-15.967,1,0.0529,0.843,0.0442,0.103,0.159,135.201,208718,4
"Goodbyes","The Frights","5cutEqdMby5pH8Vif2mdWs",0.627,0.71,2,-5.076,1,0.0317,0.192,0,0.131,0.461,130.019,194400,4
"Cecily Smith (Bonus Track)","Will Connolly","0EhYGqH7kjogumPfbKWh0t",0.771,0.263,7,-13.072,1,0.0816,0.821,0,0.0872,0.372,119.726,289893,4
"Every Second Levitates","Gam","7EgYw7kYpOBBw3WUC7qrsZ",0.571,0.372,6,-13.118,0,0.091,0.576,0.00000757,0.095,0.722,85.356,255029,4
"Mover Awayer","Hobo Johnson","1yyIxshSIfW89EPTW0xkPH",0.703,0.636,4,-5.737,0,0.307,0.026,0,0.0355,0.648,136.949,215804,4
"Lost in My Mind","The Head And The Heart","77hI6DJ12C9WohWk8XUhto",0.369,0.517,2,-9.125,1,0.0293,0.419,0.00019,0.286,0.364,95.352,259120,4
"Let's Be Still","The Head And The Heart","5IJnj6Um7jVuRPT4WGj1z6",0.636,0.411,9,-10.723,1,0.0278,0.678,0.00425,0.106,0.564,130.679,268347,4
"Tell Me A Story","Bearfoot","6lVytr851TubKL7GvrxjUE",0.739,0.242,9,-8.27,0,0.035,0.768,0,0.0949,0.452,115.963,164040,4
"Martha","Tom Waits","6YaCKTSSA6WuaSzyCSJVCg",0.269,0.151,3,-19.314,1,0.0364,0.975,0.159,0.138,0.232,120.889,270733,4
"Honeybee","The Head And The Heart","5CalS8Gn69OOrR9aiw0ZO9",0.642,0.52,9,-7.886,1,0.0387,0.118,0.000509,0.552,0.488,136.014,196055,4
"Buttercup","Jack Stauber","2mlGPkAx4kwF8Df0GlScsC",0.705,0.373,7,-9.066,1,0.0384,0.723,0.81,0.289,0.551,120.046,208026,4
"Breezeblocks","alt-J","3n69hLUdIsSa1WlRmjMZlW",0.616,0.656,5,-7.298,1,0.0344,0.096,0.000879,0.205,0.286,150.071,227080,4
"Skinny Love","Bon Iver","2cbic3TiUENlJX91y67ARR",0.593,0.263,4,-14.029,0,0.0567,0.844,0.00000536,0.127,0.109,76.379,238520,4
"I Wish I Was","The Avett Brothers","1nMlHxWuPc5P9Y5nGvenlj",0.491,0.299,11,-8.86,1,0.0317,0.806,0,0.188,0.265,109.329,316440,4
"I And Love And You","The Avett Brothers","7CEV9VwA8XO9wwxTXgYKvY",0.424,0.264,2,-9.984,1,0.0298,0.831,0.0000708,0.0763,0.169,139.593,300840,4
"No Hard Feelings","The Avett Brothers","711WfDztCZpnmJg7Uvwod3",0.485,0.319,5,-8.525,1,0.031,0.686,0.0000281,0.117,0.195,142.119,314680,3
"Mama, I Don't Believe","The Avett Brothers","0tEzs2j3sfZuvyNjN3f6BB",0.571,0.732,7,-3.596,1,0.0346,0.0238,0,0.086,0.387,145.39,256480,4
"She Don't Use Jelly","The Flaming Lips","1dJuteDIOkGfDSN7zPkzNv",0.33,0.556,7,-11.494,1,0.0796,0.207,0.0000439,0.315,0.506,173.828,222279,4
"Buttercup","Hippo Campus","6iCJCZqDJjmBxt07Oid6FI",0.623,0.763,9,-4.412,1,0.0719,0.199,0.00000652,0.126,0.199,108.871,226610,4
"Girl on a Train","Skizzy Mars","6M1nfYPKy7DRk3IrhFVViQ",0.711,0.678,9,-6.398,1,0.0476,0.219,0,0.176,0.615,94.04,182548,4
"San Antone","The Ghost of Paul Revere","28KvtiBXsN0vAyEssDzAmg",0.576,0.624,2,-7.16,1,0.028,0.569,0.00461,0.0914,0.417,128.09,265613,4
"Ain't No Man","The Avett Brothers","6XMYnm4OTEysN8blzqiCL9",0.787,0.689,11,-5.617,1,0.319,0.331,0,0.114,0.779,90.528,212347,4
"This Is the End","The Ghost of Paul Revere","5ssxYFSLJF3g74Td4nJh1U",0.563,0.432,7,-7,1,0.0294,0.405,0,0.0581,0.348,81.629,170653,4
"Wasted - Acoustic","Jesse McCartney","0YvZAwg3SxDDeJzoDQo9Yl",0.72,0.421,0,-8.367,1,0.0302,0.531,0,0.0939,0.65,102.009,190960,4
"Was I The Only One","Sammy Brue","2idWtVqRB9rHlua7iwZYL5",0.444,0.569,1,-4.61,1,0.0271,0.0411,0,0.111,0.506,111.566,175307,3
"Dark Highways","Jared & The Mill","5hpnk4vONE1lAgqt3hfSZQ",0.558,0.513,7,-6.862,1,0.0289,0.048,0.00000498,0.111,0.493,78.615,188366,4
"Wild Child","The Ghost of Paul Revere","4SGhe6TRlY73ByAcv50zhB",0.427,0.703,2,-7.534,1,0.0408,0.186,0.00000133,0.0956,0.344,168.235,281437,4
"I'll Have To Say I Love You In A Song","Jim Croce","55KKzF53NXeY7neYbd8wz5",0.508,0.513,9,-13.947,1,0.0287,0.776,0.0303,0.11,0.702,133.791,151827,4
"Postcard Memories","Drew Holcomb & The Neighbors","2mfnNIegMtXIJhNTyuxGVF",0.614,0.347,0,-12.97,1,0.0577,0.595,0.0000927,0.0677,0.235,83.919,209594,4
"People Need A Melody","The Head And The Heart","5tlu2nA8GxkDx8UTKG1rLV",0.586,0.54,0,-5.761,1,0.0255,0.192,0,0.127,0.162,82.156,252302,4
"Saturday Sun","Vance Joy","2RiBogNRfulkNf7fVbPOrJ",0.637,0.864,8,-4.381,1,0.0468,0.484,0,0.222,0.706,99.995,214720,4
"A Girl, a Boy, and a Graveyard","jeremy messersmith","74XzT6sJuCIw0Py539SNQR",0.347,0.136,1,-13.677,0,0.0346,0.77,0.0000747,0.133,0.457,178.821,187547,4
"Hallelujah","Jeff Buckley","3pRaLNL3b8x5uBOcsgvdqM",0.324,0.136,0,-10.33,1,0.0318,0.931,0.00117,0.176,0.0831,97.256,413827,3
"Beyond","Leon Bridges","1Omt5bfz1tZUCqd26HxbS0",0.581,0.687,6,-5.4,1,0.105,0.229,0,0.109,0.187,76.014,240600,4
"Good News","Mac Miller","1DWZUa5Mzf2BwzpHtgbHPY",0.794,0.32,1,-12.92,0,0.173,0.853,0.134,0.112,0.241,174.088,342040,4
"Awake My Soul","Mumford & Sons","3khbaRkdMXpwxd6Ege88gj",0.351,0.465,2,-10.313,1,0.0365,0.0481,0.0188,0.0912,0.224,123.75,255827,4
"Flowers in Your Hair","The Lumineers","3Hvg5tRKsQlX25wYwgMF9p",0.67,0.609,7,-10.088,1,0.0333,0.749,0.0000674,0.227,0.573,127.463,109736,4
"Pretty Little Life Form","Valley Maker","1IetAPA3SyGSUc8W0A5IOZ",0.519,0.381,5,-7.953,1,0.0283,0.609,0,0.201,0.205,99.53,248853,4
"Goof-Intolerant","Edgar Erik!","5YgiX7KiGQfKtsL9u0gtqR",0.815,0.606,6,-10.623,0,0.467,0.173,0.0067,0.0889,0.886,172.006,89326,4
"Cleopatra","The Lumineers","2ToW7zhGCrVrLU4fiKj9U1",0.536,0.775,8,-6.765,1,0.0394,0.228,0.000143,0.0947,0.485,151.393,201413,4
"By My Side","Valley Maker","34qpxF5dEph6WqSCCANz8c",0.54,0.517,6,-8.193,0,0.0412,0.851,0.0000586,0.106,0.357,82.462,194747,4
"The Mission","Valley Maker","1RXGGlpZzxrgUVDi73cWEn",0.415,0.444,1,-7.416,1,0.0249,0.796,0,0.0822,0.344,88.011,220520,4
"Lover's Cross","Jim Croce","3qHuiFe1gmlNjldCm1TfFM",0.706,0.362,0,-10.417,1,0.0329,0.804,0,0.135,0.779,120.532,183440,4
"Roses","Outkast","6bUNEbXT7HovLW6BgPCBsb",0.751,0.708,0,-5.653,1,0.0545,0.0482,0.0000185,0.107,0.509,108.97,369573,4
"Wasteland, Baby!","Hozier","1HYnjKqSSHh1tdl2Hi57zH",0.427,0.407,2,-9.665,1,0.0382,0.612,0.386,0.109,0.244,168.844,266467,4
"Cherry Wine - Live","Hozier","1C042FLYy7rP3MfnkOcnha",0.415,0.11,1,-14.901,1,0.0388,0.951,0.00236,0.0962,0.234,81.876,240147,4
"Work Song","Hozier","5TgEJ62DOzBpGxZ7WRsrqb",0.531,0.363,10,-7.672,1,0.0608,0.749,0,0.112,0.259,121.412,229720,4
"Like Real People Do","Hozier","57V4uc2b2diZ4RPHXWecb9",0.539,0.179,7,-14.33,1,0.0309,0.921,0.393,0.106,0.145,140.01,198027,3
"Jackie and Wilson","Hozier","4JpazKcfOhbwqZrsYhzHee",0.555,0.727,6,-4.202,1,0.0388,0.0579,0.00000752,0.0937,0.739,82.142,223120,4
"Heaven Falls / Fall On Me","Surfaces","2gcqMtNq5MEwWNbc7AxVPw",0.525,0.415,11,-5.473,0,0.136,0.297,0.00242,0.0795,0.721,85.191,240597,4
"24 / 7 / 365","Surfaces","0ClnfM4PI0wjlCVTJc9lP7",0.752,0.65,4,-6.194,1,0.0334,0.264,0.00000138,0.313,0.904,141.16,177000,4
"Shine On Top","Surfaces","4xgtWOWGwxehDX8S21di2K",0.808,0.754,4,-4.99,0,0.171,0.137,0,0.14,0.966,82.547,145455,4
"Heaven Falls / Fall on Me","Surfaces","7yHqOZfsXYlicyoMt62yC6",0.563,0.366,11,-6.896,0,0.121,0.36,0.00243,0.0955,0.768,85.352,240597,4
"The King","Conan Gray","54GASuUdLbhhdyECNUp3Pb",0.643,0.716,2,-6.733,1,0.0915,0.0643,0,0.14,0.854,81.027,174320,4
"Sunday Best","Surfaces","1Cv1YLb4q0RzL6pybtaMLo",0.878,0.525,5,-6.832,1,0.0578,0.183,0,0.0714,0.694,112.022,158571,4
"Lost in You","khai dreams","2itR8VHeTVKInnMPec8mj8",0.771,0.607,5,-12.02,0,0.113,0.334,0,0.122,0.79,90.035,101000,4
"Fantasy","khai dreams","53usuYfeK66GLBhm6k7x5e",0.35,0.43,7,-13.14,1,0.131,0.715,0,0.299,0.203,169.908,170667,4
"24 / 7 / 365","Surfaces","6WgYoOtcXnmyv4cK6RRtYv",0.743,0.647,4,-6.194,1,0.0338,0.26,0.00000161,0.322,0.9,141.226,177000,4
"Hey Ya!","Outkast","2PpruBYCo4H7WOBJ7Q2EwM",0.727,0.974,4,-2.261,0,0.0664,0.103,0.000532,0.174,0.965,79.526,235213,4
"Crush Culture","Conan Gray","2sHwSBNDZN2yjCtgwStYt1",0.522,0.765,0,-5.395,1,0.193,0.146,0,0.0866,0.455,180.065,204120,4
"Ultimately","khai dreams","2dIPAPCa05Hh2Esift0sVX",0.734,0.222,5,-17.287,1,0.229,0.896,0,0.343,0.62,106.946,142028,4
"A Song About Being Sad","Rex Orange County","6Jl3ZOX6MUOlyoUc721bsX",0.567,0.263,5,-13.51,1,0.103,0.891,0,0.183,0.247,111.86,136000,4
"All I Want","Kodaline","2PwXOevGUSkU8qaYZjgLq2",0.209,0.412,0,-9.733,1,0.0443,0.172,0.15,0.0843,0.162,86.26,305747,3
"You Found Me","The Fray","4IoYz8XqqdowINzfRrFnhi",0.338,0.803,8,-5.412,0,0.0413,0.0187,0,0.136,0.4,151.994,241853,4
"The Giving Tree","Plain White T's","5NSmVuhSf3JxrCewijurpf",0.566,0.597,8,-10.814,1,0.037,0.832,0,0.252,0.873,151.361,186433,4
"A Lonely September","Plain White T's","2nRHrn77gdJDonjHGtxFfl",0.554,0.575,9,-4.751,1,0.0313,0.742,0,0.105,0.609,122.515,266933,3
"When the Fog Rolls In","Train","7Jg93eTHUzLaePH9Ki6lfP",0.276,0.576,2,-3.849,1,0.0344,0.191,0.00016,0.082,0.223,172.08,261760,3
"One Hell Of A Song","Mike Posner","53RCI2n5pXRx531Q9dziXn",0.694,0.343,5,-13.529,1,0.043,0.556,0.00000192,0.114,0.44,85,193880,4
"Smooth (feat. Rob Thomas)","Santana","2pX4FpOgwItRVPPUFdRcxA",0.609,0.923,9,-3.908,1,0.0338,0.16,0.00000473,0.295,0.961,115.996,294987,4
"Spoonful","Grizfolk","6Y2DPBV2uBBfqQOPZnW3LD",0.589,0.665,2,-6.752,0,0.0453,0.158,0,0.0971,0.462,126.877,189414,4
"Everybody Talks","Neon Trees","3528IXKpbb7OMjdjWYlbfD",0.471,0.924,8,-3.906,1,0.0586,0.00301,0,0.313,0.725,154.961,177280,4
"Used To Be","Matt Nathanson","5BvP31Kxf5R5WIuwbcQDDT",0.646,0.658,7,-4.678,1,0.052,0.0617,0,0.0692,0.44,92.001,190867,4
"little light - acoustic version","Lewis Watson","6PRotAx0lUWP0bHBr6jm42",0.67,0.294,7,-8.114,1,0.0341,0.685,0,0.147,0.515,119.856,256415,4
"Close Your Eyes and Count to Ten","Grouplove","21zv5Hi0SQSvLyaKPiKreg",0.406,0.758,8,-6.451,1,0.0366,0.0062,0,0.0904,0.149,90.926,288507,4
"Fireflies","Owl City","3DamFFqW32WihKkTVlwTYQ",0.512,0.662,3,-6.797,1,0.0439,0.0275,0,0.118,0.472,180.114,228347,4
"Vanilla Twilight","Owl City","3KiTVEnTfi5DwiXszlDoVL",0.581,0.526,11,-7.639,1,0.0253,0.00941,0.000539,0.113,0.572,166.074,231707,4
